"","fit","contribution","R2","nR2"
"1","nr4s~rate.ddg","",0.311344570769754,""
"2","nr4s~rate.lms","",0.301461918514175,""
"3","nr4s~rate.ddg+rate.lms","total",0.380039604858244,"1"
"4","","common",0.232766884425684,"0.612480597943226"
"5","","unique ddG",0.078577686344069,"0.20676183571283"
"6","","unique MLmS",0.0686950340884901,"0.180757566343944"
