"","measure","ddg.r","lms.r","ddg.pvalue","lms.pvalue"
"1","correlation",0.557982590023877,0.549055478539441,0,0
"2","partial",0.33539344859601,0.315836038581513,0,0
"3","semi-partial",0.280317117465325,0.262097375203359,0,0
