"","pdb","scale.ddg","cor.ddg","cor.lms","cor.ddgPlms","r2.ddgPlms","r2.lms","r2.ddg","unique.ddg","unique.lms","common.ddgORlms","aic.ddgPlms","aic.lms","aic.ddg"
"1","1BP2",0.51428301675436,0.695182089060599,0.599692130432838,0.713886281445247,0.509633622835723,0.359630651303076,0.483278136950659,0.150002971532648,0.0263554858850641,0.333275165418011,1.32810982664668,1.81206364936087,1.3571265556603
"2","1LBA",0.460257186841162,0.538334620870076,0.577783344108978,0.605469493624903,0.366593307710396,0.333833592729753,0.289804164027329,0.0327597149806423,0.0767891436830671,0.257044449046686,1.79601708178912,1.81767832149559,1.89596107186997
"3","1LJL",0.631598249654543,0.509990098941469,0.529362308323805,0.565039319387034,0.319269432453362,0.280224453473907,0.26008990101833,0.0390449789794554,0.0591795314350325,0.221044922038874,2.11830702839123,2.14157592836286,2.18528818147233
"4","1PYL",0.479309998218584,0.511496418067875,0.384601384824591,0.514424261507025,0.264632320827048,0.147918225208993,0.261628585696267,0.116714095618055,0.00300373513078156,0.144914490078211,2.13834775494045,2.29880434263096,2.11938346556988
"5","2ACY",0.414985768959025,0.537929590853471,0.356479699973963,0.537935353704523,0.289374444765211,0.127077776493526,0.289368244715782,0.162296668271685,6.20004942819552e-06,0.127071576444098,1.9428891388175,2.1046737115744,1.92070614541404
